厂商名,域名,厂商级别,厂商排位,严重最高奖励,高危最高奖励,中危最高奖励,低危最高奖励
币安网,https://www.binance.com/,A,9,无上限,无上限,3.0 ETH,0.6 ETH
火币全球站,https://www.huobi.co,A,9,无上限,无上限,3.0 ETH,0.6 ETH
Coinbase Pro,https://pro.coinbase.com/,A,9,无上限,无上限,3.0 ETH,0.6 ETH
OKEX,https://www.okex.com,A,9,无上限,无上限,3.0 ETH,0.6 ETH
BitMEX,https://www.bitmex.com/,A,8,无上限,无上限,2.46 ETH,0.54 ETH
ZB网,https://www.zb.com,A,8,无上限,无上限,2.46 ETH,0.54 ETH
Bitfinex,https://www.bitfinex.com,A,8,无上限,无上限,2.46 ETH,0.54 ETH
B网,https://bittrex.com,A,8,无上限,无上限,2.46 ETH,0.54 ETH
bitFlyer,https://bitflyer.jp/,A,8,无上限,无上限,2.46 ETH,0.54 ETH
HitBTC,https://hitbtc.com,A,8,无上限,无上限,2.46 ETH,0.54 ETH
Bitstamp,https://www.bitstamp.net,A,8,无上限,无上限,2.46 ETH,0.54 ETH
K网,https://www.kraken.com,B,7,3.0 ETH,1.6 ETH,0.7 ETH,0.4 ETH
Upbit,https://upbit.com/home,B,7,3.0 ETH,1.6 ETH,0.7 ETH,0.4 ETH
MXC,https://www.mxc.com,B,7,3.0 ETH,1.6 ETH,0.7 ETH,0.4 ETH
Bit-Z,https://www.bitz.top/,B,7,3.0 ETH,1.6 ETH,0.7 ETH,0.4 ETH
BiKi,https://www.biki.com,B,7,3.0 ETH,1.6 ETH,0.7 ETH,0.4 ETH
Bibox,https://www.bibox.com/,B,7,3.0 ETH,1.6 ETH,0.7 ETH,0.4 ETH
gate.io,https://gateio.news/,B,7,3.0 ETH,1.6 ETH,0.7 ETH,0.4 ETH
IDAX,https://www.idax.pro/,B,7,3.0 ETH,1.6 ETH,0.7 ETH,0.4 ETH
ZG.com,https://www.zg.com/,B,7,3.0 ETH,1.6 ETH,0.7 ETH,0.4 ETH
P网,https://poloniex.com,B,7,3.0 ETH,1.6 ETH,0.7 ETH,0.4 ETH
KuCoin,https://www.kcs.top/,B,6,2.45 ETH,1.47 ETH,0.65 ETH,0.33 ETH
Bithumb,https://www.bithumb.com/,B,6,2.45 ETH,1.47 ETH,0.65 ETH,0.33 ETH
BITKER,https://www.bitker.biz/,B,6,2.45 ETH,1.47 ETH,0.65 ETH,0.33 ETH
双子星,https://gemini.com/,B,6,2.45 ETH,1.47 ETH,0.65 ETH,0.33 ETH
FUBT,https://www.fubt.com,B,6,2.45 ETH,1.47 ETH,0.65 ETH,0.33 ETH
BTB.io,https://www.btb.io/,B,6,2.45 ETH,1.47 ETH,0.65 ETH,0.33 ETH
BigONE,https://big.one,B,6,2.45 ETH,1.47 ETH,0.65 ETH,0.33 ETH
CoinTiger,https://www.cointiger.one,B,6,2.45 ETH,1.47 ETH,0.65 ETH,0.33 ETH
DigiFinex,https://www.digifinex.com,B,6,2.45 ETH,1.47 ETH,0.65 ETH,0.33 ETH
BitMart,https://www.bitmart.com/,B,6,2.45 ETH,1.47 ETH,0.65 ETH,0.33 ETH
Liquid,https://www.liquid.com/,B,6,2.45 ETH,1.47 ETH,0.65 ETH,0.33 ETH
币赢国际站,https://www.coinw.ai/,B,6,2.45 ETH,1.47 ETH,0.65 ETH,0.33 ETH
HCoin,https://www.hcoin86.com/,B,6,2.45 ETH,1.47 ETH,0.65 ETH,0.33 ETH
ZG.TOP,https://www.zg.top/,B,6,2.45 ETH,1.47 ETH,0.65 ETH,0.33 ETH
ZT.COM,https://www.zt.com/,B,6,2.45 ETH,1.47 ETH,0.65 ETH,0.33 ETH
Coinone,https://coinone.co.kr/,B,6,2.45 ETH,1.47 ETH,0.65 ETH,0.33 ETH
FCoin,https://www.fcoin.com/,B,6,2.45 ETH,1.47 ETH,0.65 ETH,0.33 ETH
COINBIG,https://www.coinbig.org/,C,5,1.4 ETH,1.2 ETH,0.6 ETH,0.15 ETH
BIONE,https://www.bione.cc/,C,5,1.4 ETH,1.2 ETH,0.6 ETH,0.15 ETH
雷盾交易所,https://www.loex.io,C,5,1.4 ETH,1.2 ETH,0.6 ETH,0.15 ETH
ZZEX,https://www.zzex.pro,C,5,1.4 ETH,1.2 ETH,0.6 ETH,0.15 ETH
BKEX,https://www.bkex.vip,C,5,1.4 ETH,1.2 ETH,0.6 ETH,0.15 ETH
AEX,https://www.aex.plus/,C,5,1.4 ETH,1.2 ETH,0.6 ETH,0.15 ETH
BCEX,https://www.bcex.hk,C,5,1.4 ETH,1.2 ETH,0.6 ETH,0.15 ETH
Bitget,https://www.bitget.cc/,C,5,1.4 ETH,1.2 ETH,0.6 ETH,0.15 ETH
YoBit,https://yobit.net,C,5,1.4 ETH,1.2 ETH,0.6 ETH,0.15 ETH
BFX合约平台,https://www.bfx.nu,C,5,1.4 ETH,1.2 ETH,0.6 ETH,0.15 ETH
胖比特,https://www.fatbtc.com,C,5,1.4 ETH,1.2 ETH,0.6 ETH,0.15 ETH
BG交易所,http://www.bg.ink,C,5,1.4 ETH,1.2 ETH,0.6 ETH,0.15 ETH
OCX,https://www.ocx.app/,C,5,1.4 ETH,1.2 ETH,0.6 ETH,0.15 ETH
Coincheck,https://coincheck.com/,C,5,1.4 ETH,1.2 ETH,0.6 ETH,0.15 ETH
VVBTC,https://www.vvbtc.com,C,5,1.4 ETH,1.2 ETH,0.6 ETH,0.15 ETH
币网,http://www.bw.com/,C,5,1.4 ETH,1.2 ETH,0.6 ETH,0.15 ETH
XT网,https://www.xt.com,C,5,1.4 ETH,1.2 ETH,0.6 ETH,0.15 ETH
Bitbank,https://bitbank.cc,C,5,1.4 ETH,1.2 ETH,0.6 ETH,0.15 ETH
Q网,https://www.qbtc.ink/,C,5,1.4 ETH,1.2 ETH,0.6 ETH,0.15 ETH
GOKO,https://www.goko.com/,C,4,1.32 ETH,1.24 ETH,0.54 ETH,0.15 ETH
东方交易所,https://www.dfex.com/,C,4,1.32 ETH,1.24 ETH,0.54 ETH,0.15 ETH
EXX,https://www.exx.com/,C,4,1.32 ETH,1.24 ETH,0.54 ETH,0.15 ETH
Zaif,https://zaif.jp,C,4,1.32 ETH,1.24 ETH,0.54 ETH,0.15 ETH
龙网,https://dragonex.io/,C,4,1.32 ETH,1.24 ETH,0.54 ETH,0.15 ETH
Hubi,https://www.hubi.com/,C,4,1.32 ETH,1.24 ETH,0.54 ETH,0.15 ETH
IDCM,https://www.idcm.cc/,C,4,1.32 ETH,1.24 ETH,0.54 ETH,0.15 ETH
CEO交易所,https://ceohk.bi,C,4,1.32 ETH,1.24 ETH,0.54 ETH,0.15 ETH
Exmo,https://exmo.com/,C,4,1.32 ETH,1.24 ETH,0.54 ETH,0.15 ETH
星客,https://www.silktraderdk.,C,4,1.32 ETH,1.24 ETH,0.54 ETH,0.15 ETH
Livecoin,https://www.livecoin.net/,C,4,1.32 ETH,1.24 ETH,0.54 ETH,0.15 ETH
柯宾汉,https://www.cobinhood.com,C,4,1.32 ETH,1.24 ETH,0.54 ETH,0.15 ETH
Allcoin,https://www.allcoinex.io,C,4,1.32 ETH,1.24 ETH,0.54 ETH,0.15 ETH
BitBay,https://bitbay.net,C,4,1.32 ETH,1.24 ETH,0.54 ETH,0.15 ETH
EZB,https://www.ezb.com,C,4,1.32 ETH,1.24 ETH,0.54 ETH,0.15 ETH
比太网,https://www.btex.com/,C,4,1.32 ETH,1.24 ETH,0.54 ETH,0.15 ETH
CoinBene,https://www.coinbene.vip/,C,4,1.32 ETH,1.24 ETH,0.54 ETH,0.15 ETH
KKCoin,https://www.kkcoin.com,C,3,1.25 ETH,1.27 ETH,0.49 ETH,0.15 ETH
WR.NET,https://www.wr.net/,C,3,1.25 ETH,1.27 ETH,0.49 ETH,0.15 ETH
牛盾交易所,https://www.newtonx.vip/,C,3,1.25 ETH,1.27 ETH,0.49 ETH,0.15 ETH
AOFEX,https://aofex.com,C,3,1.25 ETH,1.27 ETH,0.49 ETH,0.15 ETH
比特国际交易平台,https://www.gj.com,C,3,1.25 ETH,1.27 ETH,0.49 ETH,0.15 ETH
币帝,https://www.bdw.top,C,3,1.25 ETH,1.27 ETH,0.49 ETH,0.15 ETH
BTCBOX,https://www.btcbox.co.jp/,C,3,1.25 ETH,1.27 ETH,0.49 ETH,0.15 ETH
融币,https://www.rongbiexchang,C,3,1.25 ETH,1.27 ETH,0.49 ETH,0.15 ETH
币钻,https://www.bzex.co,C,3,1.25 ETH,1.27 ETH,0.49 ETH,0.15 ETH
Luno,https://www.luno.com,C,3,1.25 ETH,1.27 ETH,0.49 ETH,0.15 ETH
STEX,https://www.stex.com,C,3,1.25 ETH,1.27 ETH,0.49 ETH,0.15 ETH
瓦特交易所,https://www.wbfex.com/,C,3,1.25 ETH,1.27 ETH,0.49 ETH,0.15 ETH
Bitso,https://bitso.com,C,3,1.25 ETH,1.27 ETH,0.49 ETH,0.15 ETH
HPX,https://www.hpx.ai/,C,3,1.25 ETH,1.27 ETH,0.49 ETH,0.15 ETH
Bitzon,https://www.bitzon.com/,C,3,1.25 ETH,1.27 ETH,0.49 ETH,0.15 ETH
酷币,https://www.coolcoin.com,C,3,1.25 ETH,1.27 ETH,0.49 ETH,0.15 ETH
热币全球,https://www.hotcoin.top/,C,3,1.25 ETH,1.27 ETH,0.49 ETH,0.15 ETH
BitMax,https://www.btmx.com/,D,0,1000 BUX,500 BUX,200 BUX,50 BUX
9coin,https://www.9coin.com,D,0,1000 BUX,500 BUX,200 BUX,50 BUX
比特现金,http://www.bitscash.top/,D,0,1000 BUX,500 BUX,200 BUX,50 BUX
R网,https://www.rankcoin.com/,D,0,1000 BUX,500 BUX,200 BUX,50 BUX
BTCC,https://www.bt.cc,D,0,1000 BUX,500 BUX,200 BUX,50 BUX
TOP.ONE,https://www.top.one/,D,0,1000 BUX,500 BUX,200 BUX,50 BUX
58COIN,https://www.58ex.com/,D,0,1000 BUX,500 BUX,200 BUX,50 BUX
ZBG,https://www.zbg.com/,D,0,1000 BUX,500 BUX,200 BUX,50 BUX
多比交易平台,https://www.dobiexchange.,D,0,1000 BUX,500 BUX,200 BUX,50 BUX
LBank,https://www.lbkex.co/,D,0,1000 BUX,500 BUX,200 BUX,50 BUX
F8交易所,https://www.f8coin.in/,D,0,1000 BUX,500 BUX,200 BUX,50 BUX
币蛋,https://www.coinegg.com/,D,0,1000 BUX,500 BUX,200 BUX,50 BUX
币尔,https://www.coineal.com/,D,0,1000 BUX,500 BUX,200 BUX,50 BUX
币夫,https://www.bitforex.com/,D,0,1000 BUX,500 BUX,200 BUX,50 BUX
G币,http://guobi.top/,D,0,1000 BUX,500 BUX,200 BUX,50 BUX
币峰,https://www.befong.com,D,0,1000 BUX,500 BUX,200 BUX,50 BUX
IOAEX,https://www.igioaex.com,D,0,1000 BUX,500 BUX,200 BUX,50 BUX
华夏币交所,https://www.hxex.one/,D,0,1000 BUX,500 BUX,200 BUX,50 BUX
Hopex,https://www.hopex.com,D,0,1000 BUX,500 BUX,200 BUX,50 BUX
宝币网,https://www.baobi.com/,D,0,1000 BUX,500 BUX,200 BUX,50 BUX
虎嗅蔷薇,https://www.freetrade.vip,D,0,1000 BUX,500 BUX,200 BUX,50 BUX
IX交易所,https://ix.com/,D,0,1000 BUX,500 BUX,200 BUX,50 BUX
Bgogo,https://bgogo.com,D,0,1000 BUX,500 BUX,200 BUX,50 BUX
GAEA,https://www.gmex.io,D,0,1000 BUX,500 BUX,200 BUX,50 BUX
币新,https://www.coinnew.io,D,0,1000 BUX,500 BUX,200 BUX,50 BUX
ZDCoin,https://www.zdcoin.app/,D,0,1000 BUX,500 BUX,200 BUX,50 BUX
Coinbkb,https://www.coinbkb.net/,D,0,1000 BUX,500 BUX,200 BUX,50 BUX
Bybit,http://www.bybit.com,D,0,1000 BUX,500 BUX,200 BUX,50 BUX
通交所,https://www.tokeneco.co/,D,0,1000 BUX,500 BUX,200 BUX,50 BUX
天天交易所,https://www.ttex.com,D,0,1000 BUX,500 BUX,200 BUX,50 BUX
趣币网,http://qubi.cn,D,0,1000 BUX,500 BUX,200 BUX,50 BUX
ZGK,https://www.zgk.com/,D,0,1000 BUX,500 BUX,200 BUX,50 BUX
RightBTC,https://www.rightbtc.com,D,0,1000 BUX,500 BUX,200 BUX,50 BUX
BitAsset,https://www.bitasset.com/,D,0,1000 BUX,500 BUX,200 BUX,50 BUX
VVEX,https://www.vvex.love/,D,0,1000 BUX,500 BUX,200 BUX,50 BUX
币系,https://bilaxy.com/,D,0,1000 BUX,500 BUX,200 BUX,50 BUX
SnapEx,https://www.snapex.com/,D,0,1000 BUX,500 BUX,200 BUX,50 BUX
UPEX,https://www.upex.io/,D,0,1000 BUX,500 BUX,200 BUX,50 BUX
澳洲U网,https://www.ucoin.pw,D,0,1000 BUX,500 BUX,200 BUX,50 BUX
比特希望,https://bithope.net,D,0,1000 BUX,500 BUX,200 BUX,50 BUX
FCoinJP,https://www.fcoinjp.com/,D,0,1000 BUX,500 BUX,200 BUX,50 BUX
QB.COM,https://www.qb.com/,D,0,1000 BUX,500 BUX,200 BUX,50 BUX
Dcoin,https://www.dcoin.com/,D,0,1000 BUX,500 BUX,200 BUX,50 BUX
AAcoin,http://www.aacoin.com/,D,0,1000 BUX,500 BUX,200 BUX,50 BUX
KEX,https://www.kex.com,D,0,1000 BUX,500 BUX,200 BUX,50 BUX
UBank,http://www.ubank.ai/,D,0,1000 BUX,500 BUX,200 BUX,50 BUX
Btcwinex,https://www.btcwinex.com/,D,0,1000 BUX,500 BUX,200 BUX,50 BUX
CEX,http://cex.plus,D,0,1000 BUX,500 BUX,200 BUX,50 BUX
比特兔交易所,https://bitrabbit.io/,D,0,1000 BUX,500 BUX,200 BUX,50 BUX
55资产网络,https://www.55.com,D,0,1000 BUX,500 BUX,200 BUX,50 BUX
FEX,https://fexpro.net/,D,0,1000 BUX,500 BUX,200 BUX,50 BUX
6x交易站,https://www.6x.com,D,0,1000 BUX,500 BUX,200 BUX,50 BUX
COIN918,http://www.coin918.uk/,D,0,1000 BUX,500 BUX,200 BUX,50 BUX
JEX,https://www.jex.com/,D,0,1000 BUX,500 BUX,200 BUX,50 BUX
即刻交易所,https://www.instantex.io/,D,0,1000 BUX,500 BUX,200 BUX,50 BUX
汇币网,https://hb.top,D,0,1000 BUX,500 BUX,200 BUX,50 BUX
紫牛币交所,http://www.purcow.io/,D,0,1000 BUX,500 BUX,200 BUX,50 BUX
CC Global,https://www.2c.ltd/,D,0,1000 BUX,500 BUX,200 BUX,50 BUX
BITCHEN,https://www.bitchen.io/,D,0,1000 BUX,500 BUX,200 BUX,50 BUX
新加坡币多网,https://www.coinba.pro/,D,0,1000 BUX,500 BUX,200 BUX,50 BUX
CITEX,https://www.citex.co.kr,D,0,1000 BUX,500 BUX,200 BUX,50 BUX
TOKOK,https://www.tokok.com/,D,0,1000 BUX,500 BUX,200 BUX,50 BUX
CoinMex,https://www.coinmex.com/,D,0,1000 BUX,500 BUX,200 BUX,50 BUX
CoinCat,https://www.coincat.club,D,0,1000 BUX,500 BUX,200 BUX,50 BUX
币和,https://www.bibr.co/,D,0,1000 BUX,500 BUX,200 BUX,50 BUX
CoinEx,https://www.coinex.com,D,0,1000 BUX,500 BUX,200 BUX,50 BUX
Hotbit,https://www.hotbit.io/,D,0,1000 BUX,500 BUX,200 BUX,50 BUX
币族,https://bizu.com,D,0,1000 BUX,500 BUX,200 BUX,50 BUX
币全,https://www.coinall.com/,D,0,1000 BUX,500 BUX,200 BUX,50 BUX
贝壳国际,https://www.shellint.pro,D,0,1000 BUX,500 BUX,200 BUX,50 BUX
Bithumb Global,https://www.bithumb.pro/,D,0,1000 BUX,500 BUX,200 BUX,50 BUX
UP,https://www.up.top/,D,0,1000 BUX,500 BUX,200 BUX,50 BUX
币团网,https://www.bituan.com/,D,0,1000 BUX,500 BUX,200 BUX,50 BUX
CoinLot,https://coinlot.io/,D,0,1000 BUX,500 BUX,200 BUX,50 BUX
炒客网,https://www.chaoex.info,D,0,1000 BUX,500 BUX,200 BUX,50 BUX
虎符,https://hoo.com/,D,0,1000 BUX,500 BUX,200 BUX,50 BUX
PK.TOP,https://www.pk.top/,D,0,1000 BUX,500 BUX,200 BUX,50 BUX
ABCC,https://abcc.com/,D,0,1000 BUX,500 BUX,200 BUX,50 BUX
ABEX,https://www.abexb.com/,D,0,1000 BUX,500 BUX,200 BUX,50 BUX
币贝交易所,https://www.exshell.com/,D,0,1000 BUX,500 BUX,200 BUX,50 BUX
DBKtop,https://www.dbktop.com,D,0,1000 BUX,500 BUX,200 BUX,50 BUX
BHEX,https://www.bhex.com/,D,0,1000 BUX,500 BUX,200 BUX,50 BUX
Kdax.pro,https://www.kdax.pro/,D,0,1000 BUX,500 BUX,200 BUX,50 BUX
币特,http://apdxcoin.com/,D,0,1000 BUX,500 BUX,200 BUX,50 BUX
Exrates,https://lk.exrates.me,D,0,1000 BUX,500 BUX,200 BUX,50 BUX
T网,https://www.tokencan.net,D,0,1000 BUX,500 BUX,200 BUX,50 BUX
